Region,Total Sales,Total Profit,Profit Margin
South,391721.9050000003,46749.430300000065,11.934341609004488
West,725457.8245000006,108418.44890000018,14.944831420727214
Central,501239.8908000005,39706.36249999998,7.9216285911775515
East,678781.2399999979,91522.78000000026,13.483398568882155
